Domain,Status,Attractiveness,Demand,Length,Sectors,Created,Expires,Registrar
one.rich,available,132,44%,3,"Business,General,Media,Technology",,,
brief.rich,available,124,19%,5,"Business,Education,General,Law",,,
second.rich,available,120,23%,6,"General,Mathematics",,,
complete.rich,available,120,21%,8,"Manufacturing,Retail,Technology",,,
wizard.rich,available,118,42%,6,"Entertainment,Media,Technology",,,
equal.rich,available,116,19%,5,"Education,General,Law",,,
flat.rich,available,116,24%,4,"Construction,Real Estate",,,
tenth.rich,available,116,7%,5,Mathematics,,,
tonic.rich,available,114,22%,5,"Health and Fitness,Medicine,Science",,,
zero.rich,available,112,49%,4,Mathematics,,,
acute.rich,available,112,9%,5,"Mathematics,Medicine,Science",,,
above.rich,available,112,22%,5,Business,,,
hotshot.rich,available,112,14%,7,"Business,Entertainment,Sports",,,
abstract.rich,available,108,29%,8,"Arts,Humanities,Science",,,
abiding.rich,available,106,5%,7,"General,Religion",,,
expert.rich,available,104,26%,6,"Business,Education,Technology",,,
active.rich,available,104,27%,6,"Health and Fitness,Sports,Travel",,,
teen.rich,available,104,14%,4,"Education,Entertainment,Healthcare",,,
absent.rich,available,102,8%,6,"Business,Education,Technology",,,
extra.rich,available,102,26%,5,"Fashion,Retail,Technology",,,
eight.rich,available,102,23%,5,"General,Mathematics",,,
captive.rich,available,102,14%,7,"Entertainment,Hospitality,Technology",,,
ninth.rich,available,100,9%,5,Mathematics,,,
third.rich,available,100,16%,5,Mathematics,,,
sixth.rich,available,100,8%,5,Mathematics,,,
crack.rich,available,100,20%,5,Sports,,,
adjunct.rich,available,100,5%,7,Education,,,
abrupt.rich,available,100,3%,6,"Medicine,Science",,,
eighth.rich,available,100,6%,6,Mathematics,,,
remove.rich,available,100,13%,6,"Construction,Manufacturing,Technology",,,
whiz.rich,available,100,12%,4,"Business,Education,Technology",,,
whizz.rich,available,98,11%,5,"Business,Education,Technology",,,
genius.rich,available,98,46%,6,"Arts,Education,Technology",,,
forgiving.rich,available,96,3%,9,"Healthcare,Religion",,,
actual.rich,available,96,22%,6,"Real Estate,Retail,Technology",,,
alamode.rich,available,96,12%,9,Fashion,,,
academic.rich,available,96,20%,8,"Education,Humanities,Science",,,
doable.rich,available,96,9%,6,"Business,Education,Technology",,,
virtuoso.rich,available,94,16%,8,"Arts,Entertainment",,,
adequate.rich,available,94,9%,8,"Education,Healthcare,Technology",,,
abject.rich,available,94,7%,6,Humanities,,,
about.rich,available,94,28%,5,"Business,General,Media,Technology",,,
around.rich,available,94,22%,6,"Business,General,Media,Technology",,,
adept.rich,available,92,24%,5,"Education,Health and Fitness,Sports",,,
neutral.rich,available,92,20%,7,"Business,Media,Politics",,,
exemplary.rich,available,92,5%,9,"Business,Education,Healthcare",,,
nought.rich,available,92,4%,6,Mathematics,,,
adjective.rich,available,92,5%,9,Education,,,
derelict.rich,available,92,7%,8,"Construction,Real Estate",,,
abroad.rich,available,92,12%,6,"Hospitality,Travel",,,
twentieth.rich,available,92,3%,9,Mathematics,,,
additional.rich,available,90,8%,10,"Fashion,Retail,Technology",,,
riveting.rich,available,90,6%,8,"Entertainment,Media,Technology",,,
addictive.rich,available,90,9%,9,Healthcare,,,
abortive.rich,available,90,1%,8,"Medicine,Science",,,
clear.rich,available,90,47%,5,"Manufacturing,Retail,Technology",,,
adoring.rich,available,90,2%,7,"Entertainment,Fashion,Retail",,,
gripping.rich,available,90,3%,8,"Entertainment,Media,Technology",,,
leash.rich,available,90,7%,5,"General,Health and Fitness,Retail",,,
endearing.rich,available,90,1%,9,"Entertainment,Fashion,Retail",,,
activist.rich,available,88,12%,8,"Humanities,Politics",,,
ace.rich,available,88,34%,3,Sports,,,
adlib.rich,available,88,7%,6,Entertainment,,,
twelve.rich,available,88,18%,6,"General,Mathematics",,,
three.rich,available,88,24%,5,Mathematics,,,
sixteen.rich,available,88,11%,7,Mathematics,,,
wide.rich,available,88,18%,4,"Business,Media,Technology",,,
fifteen.rich,available,88,13%,7,Mathematics,,,
eleven.rich,available,88,33%,6,Mathematics,,,
ten.rich,available,88,28%,3,"General,Mathematics",,,
proficient.rich,available,88,8%,10,"Education,Health and Fitness,Sports",,,
hundred.rich,available,88,14%,7,Mathematics,,,
actionable.rich,available,88,13%,10,"Business,Law",,,
star.rich,available,86,40%,4,"Entertainment,Media,Sports",,,
intent.rich,available,86,25%,6,"Business,Education,Technology",,,
cipher.rich,available,86,29%,6,Mathematics,,,
adolescent.rich,available,86,3%,10,"Education,Entertainment,Healthcare",,,
attendant.rich,available,86,5%,9,"Healthcare,Hospitality,Transportation",,,
engrossing.rich,available,86,0%,10,"Entertainment,Media,Technology",,,
recondite.rich,available,86,4%,9,"Arts,Humanities,Science",,,
xix.rich,available,86,11%,3,Mathematics,,,
xiv.rich,available,86,12%,3,Mathematics,,,
extempore.rich,available,86,3%,9,Entertainment,,,
aboriginal.rich,available,86,10%,10,Humanities,,,
acting.rich,available,84,12%,6,Entertainment,,,
thirteen.rich,available,84,10%,8,Mathematics,,,
nineteen.rich,available,84,8%,8,Mathematics,,,
grand.rich,available,84,25%,5,"Finance,General",,,
accessory.rich,available,84,8%,9,"Fashion,Retail,Technology",,,
twentyone.rich,available,84,13%,10,Mathematics,,,
thousand.rich,available,84,8%,8,Mathematics,,,
adjustable.rich,available,84,3%,10,"Manufacturing,Retail,Technology",,,
sharp.rich,available,84,34%,5,"Arts,Fashion",,,
fourteen.rich,available,84,8%,8,Mathematics,,,
deviate.rich,available,84,12%,7,"Medicine,Science",,,
seventeen.rich,available,84,7%,9,Mathematics,,,
twentytwo.rich,available,84,11%,10,Mathematics,,,
abenaki.rich,available,82,2%,7,Geography,,,
abroach.rich,available,82,1%,7,Food and Beverage,,,
abdominal.rich,available,82,1%,9,"Health and Fitness,Medicine",,,
decade.rich,available,82,10%,6,Mathematics,,,
impromptu.rich,available,82,16%,9,Entertainment,,,
absorbent.rich,available,82,3%,9,"Healthcare,Manufacturing,Retail",,,
dozen.rich,available,82,10%,5,Mathematics,,,
altered.rich,available,82,9%,7,"Medicine,Science",,,
enduring.rich,available,82,9%,8,"Health and Fitness,Religion",,,
abkhaz.rich,available,82,1%,6,Geography,,,
good.rich,available,82,47%,4,"Food and Beverage,General,Health and Fitness,Retail",,,
fivesome.rich,available,82,1%,8,Sports,,,
cleansing.rich,available,82,3%,9,Health and Fitness,,,
worshipful.rich,available,80,1%,10,"Education,Healthcare,Religion",,,
forty.rich,available,80,9%,5,Mathematics,,,
adoptable.rich,available,80,3%,9,"Education,Healthcare",,,
seventh.rich,available,80,10%,7,Mathematics,,,
dorsal.rich,available,80,6%,6,"Medicine,Science",,,
yard.rich,available,80,26%,4,"Construction,General",,,
abundant.rich,available,80,19%,8,"Agriculture,Manufacturing,Retail",,,
twenty.rich,available,80,12%,6,Mathematics,,,
superstar.rich,available,80,18%,9,Entertainment,,,
sequent.rich,available,80,7%,7,"Healthcare,Insurance,Transportation",,,
first.rich,available,80,36%,5,"General,Mathematics",,,
able.rich,available,80,29%,4,"Business,Education,General,Technology",,,
nine.rich,available,80,24%,4,"General,Mathematics",,,
some.rich,available,80,32%,4,"Business,Media,Retail",,,
absorbable.rich,available,80,0%,10,"Healthcare,Pharmaceuticals,Science",,,
two.rich,available,80,24%,3,Mathematics,,,
absolute.rich,available,80,25%,8,"Engineering,Mathematics,Science",,,
trio.rich,available,80,21%,4,Entertainment,,,
capable.rich,available,80,12%,7,"Business,Education,Technology",,,
absurd.rich,available,80,16%,6,"Arts,Entertainment,Media",,,
wiz.rich,available,80,30%,3,"Business,Education,Technology",,,
honestly.rich,available,78,9%,8,"Business,Law",,,
accidental.rich,available,78,11%,10,"Healthcare,Insurance,Transportation",,,
sixtynine.rich,available,78,8%,10,Mathematics,,,
adjacent.rich,available,78,9%,8,"Construction,Real Estate,Retail",,,
adrenal.rich,available,78,4%,7,"Education,Healthcare,Science",,,
accurate.rich,available,78,16%,8,"Engineering,Mathematics,Science",,,
adorable.rich,available,78,8%,8,"Entertainment,Fashion,Retail",,,
dormant.rich,available,78,4%,7,"Medicine,Science",,,
absorptive.rich,available,78,1%,10,"Healthcare,Manufacturing,Retail",,,
accepted.rich,available,78,6%,8,"Business,Education,Technology",,,
acceptable.rich,available,78,5%,10,"Business,Hospitality,Retail",,,
twentysix.rich,available,78,8%,10,Mathematics,,,
abounding.rich,available,78,2%,9,Agriculture,,,
athletic.rich,available,78,15%,8,"Health and Fitness,Sports",,,
abkhazian.rich,available,78,1%,9,Geography,,,
recognised.rich,available,78,3%,10,"Business,Education,Technology",,,
low.rich,available,78,20%,3,"Business,Finance",,,
abkhasian.rich,available,78,1%,9,Geography,,,
recognized.rich,available,78,3%,10,"Business,Education,Technology",,,
acceptant.rich,available,78,1%,9,"Education,Healthcare",,,
accessible.rich,available,78,21%,10,"Healthcare,Retail,Technology",,,
eighteen.rich,available,76,7%,8,Mathematics,,,
fourteenth.rich,available,76,1%,10,Mathematics,,,
adaptive.rich,available,76,28%,8,"Business,Education,Technology",,,
ancillary.rich,available,76,6%,9,"Healthcare,Manufacturing,Technology",,,
nineteenth.rich,available,76,3%,10,Mathematics,,,
energizing.rich,available,76,3%,10,"Food and Beverage,Health and Fitness,Travel",,,
diamond.rich,available,76,32%,7,Fashion,,,
hundredth.rich,available,76,1%,9,Mathematics,,,
thirteenth.rich,available,76,4%,10,Mathematics,,,
firstrate.rich,available,76,6%,10,Business,,,
improvise.rich,available,76,4%,9,Entertainment,,,
ague.rich,available,76,2%,4,"Geography,Medicine,Science",,,
threed.rich,available,76,7%,7,Technology,,,
abrasive.rich,available,76,6%,8,"Construction,Manufacturing",,,
auxiliary.rich,available,76,7%,9,"Healthcare,Manufacturing,Technology",,,
adherent.rich,available,76,4%,8,"Politics,Religion",,,
adipose.rich,available,76,2%,7,"Healthcare,Science",,,
fifteenth.rich,available,76,2%,9,Mathematics,,,
adaptable.rich,available,76,9%,9,"Business,Education,Technology",,,
resultant.rich,available,76,2%,9,"Healthcare,Insurance,Transportation",,,
adhesive.rich,available,76,7%,8,"Construction,Manufacturing,Technology",,,
obscene.rich,available,76,5%,7,"Entertainment,Media",,,
addable.rich,available,76,2%,7,"Engineering,Mathematics,Science",,,
acoustic.rich,available,76,14%,8,Science,,,
ventral.rich,available,76,3%,7,Science,,,
incidental.rich,available,76,4%,10,"Healthcare,Insurance,Transportation",,,
thousandth.rich,available,76,1%,10,Mathematics,,,
mavin.rich,available,74,7%,5,"Entertainment,Fashion,Technology",,,
admirable.rich,available,74,5%,9,"Business,Education,Healthcare",,,
aberrant.rich,available,74,6%,8,"Medicine,Science",,,
broad.rich,available,74,13%,5,"Entertainment,General,Media",,,
supra.rich,available,74,25%,5,"Medicine,Science",,,
adapted.rich,available,74,6%,7,"Healthcare,Manufacturing,Technology",,,
adrenergic.rich,available,74,1%,10,"Education,Healthcare,Science",,,
skilful.rich,available,74,3%,7,"Education,Health and Fitness,Sports",,,
abnormal.rich,available,74,16%,8,"Medicine,Science",,,
accepting.rich,available,74,3%,9,"Education,Healthcare",,,
activated.rich,available,74,9%,9,"Healthcare,Manufacturing,Technology",,,
adamant.rich,available,74,14%,7,Religion,,,
single.rich,available,74,19%,6,Sports,,,
realizable.rich,available,74,1%,10,"Business,Education,Technology",,,
adenoid.rich,available,74,1%,7,"Health and Fitness,Medicine,Science",,,
sensation.rich,available,74,7%,9,"Entertainment,Media,Sports",,,
playing.rich,available,74,12%,7,Entertainment,,,
acuate.rich,available,74,2%,6,"Engineering,Medicine,Science",,,
achievable.rich,available,74,4%,10,"Business,Education,Technology",,,
cleared.rich,available,74,7%,7,"Healthcare,Law,Transportation",,,
manageable.rich,available,74,4%,10,"Business,Education,Technology",,,
absolutist.rich,available,72,1%,10,"Humanities,Law,Politics",,,
abloom.rich,available,72,5%,6,Agriculture,,,
sixtieth.rich,available,72,1%,8,Mathematics,,,
liv.rich,available,72,27%,3,Mathematics,,,
ternary.rich,available,72,7%,7,Mathematics,,,
deep.rich,available,72,41%,4,"Engineering,Mathematics,Science",,,
adiabatic.rich,available,72,3%,9,"Engineering,Science",,,
adonic.rich,available,72,2%,6,"Arts,Education,Entertainment",,,
engrossed.rich,available,72,1%,9,"Entertainment,Media,Technology",,,
existent.rich,available,72,3%,8,"Mathematics,Science",,,
accustomed.rich,available,72,1%,10,"Business,Education,Humanities",,,
accusative.rich,available,72,0%,10,"Humanities,Law",,,
absorbed.rich,available,72,2%,8,"Entertainment,Media,Technology",,,
adjunctive.rich,available,72,1%,10,"Healthcare,Manufacturing,Technology",,,
trey.rich,available,72,14%,4,Sports,,,
ablaze.rich,available,72,6%,6,Entertainment,,,
addicted.rich,available,72,9%,8,Healthcare,,,
improvize.rich,available,72,1%,9,Entertainment,,,
lovely.rich,available,72,26%,6,"Entertainment,Fashion,Retail",,,
adaptative.rich,available,72,1%,10,"Business,Education,Technology",,,
abreast.rich,available,72,2%,7,"Business,Technology",,,
champion.rich,available,72,28%,8,"Entertainment,Health and Fitness,Sports",,,
adjectival.rich,available,72,1%,10,Education,,,
aching.rich,available,72,4%,6,Healthcare,,,
eightieth.rich,available,72,1%,9,Mathematics,,,
ninetieth.rich,available,72,1%,9,Mathematics,,,
trinity.rich,available,72,18%,7,Religion,,,
seventieth.rich,available,72,1%,10,Mathematics,,,
offhand.rich,available,70,2%,7,Entertainment,,,
adored.rich,available,70,6%,6,"Entertainment,Fashion,Retail",,,
accumbent.rich,available,70,1%,9,"Healthcare,Medicine,Science",,,
practiced.rich,available,70,3%,9,"Education,Health and Fitness,Sports",,,
recumbent.rich,available,70,2%,9,"Healthcare,Medicine,Science",,,
stillborn.rich,available,70,2%,9,"Medicine,Science",,,
consequent.rich,available,70,3%,10,"Business,Education,General,Technology",,,
acuminate.rich,available,70,1%,9,"Engineering,Medicine,Science",,,
gymnastic.rich,available,70,3%,9,"Entertainment,Sports",,,
abradant.rich,available,70,1%,8,"Construction,Manufacturing",,,
tiptop.rich,available,70,24%,6,Fashion,,,
unity.rich,available,70,40%,5,Mathematics,,,
absorbing.rich,available,70,3%,9,"Entertainment,Media,Technology",,,
admired.rich,available,70,5%,7,"Business,Education,Healthcare",,,
miserable.rich,available,70,4%,9,Humanities,,,
adamantine.rich,available,70,4%,10,Religion,,,
abulic.rich,available,70,1%,6,Medicine,,,
skillful.rich,available,70,9%,8,"Education,Health and Fitness,Sports",,,
adjusted.rich,available,70,5%,8,"Manufacturing,Retail,Technology",,,
lowdown.rich,available,70,6%,8,"Entertainment,Media",,,
aculeate.rich,available,68,1%,8,"Engineering,Medicine,Science",,,
vindicated.rich,available,68,2%,10,"Humanities,Law,Politics",,,
foursome.rich,available,68,4%,8,Sports,,,
licensed.rich,available,68,5%,8,"Business,Healthcare,Insurance",,,
overseas.rich,available,68,12%,8,"Hospitality,Travel",,,
ane.rich,available,68,12%,3,Mathematics,,,
activating.rich,available,68,3%,10,"Healthcare,Manufacturing,Technology",,,
septenary.rich,available,68,1%,9,Mathematics,,,
ablative.rich,available,68,3%,8,Science,,,
fortieth.rich,available,68,0%,8,Mathematics,,,
decorated.rich,available,68,3%,9,"Entertainment,Fashion,Retail",,,
abnaki.rich,available,68,1%,6,Geography,,,
aroused.rich,available,68,3%,7,"Entertainment,Health and Fitness",,,
disciple.rich,available,68,14%,8,"Education,Religion",,,
stygian.rich,available,68,5%,7,Humanities,,,
accredited.rich,available,68,9%,10,"Business,Education,Healthcare",,,
fiftieth.rich,available,68,0%,8,Mathematics,,,
sevener.rich,available,68,1%,7,Mathematics,,,
licenced.rich,available,68,2%,8,"Business,Healthcare,Insurance",,,
acerate.rich,available,68,1%,7,Science,,,
thirtieth.rich,available,68,1%,9,Mathematics,,,
ennead.rich,available,68,5%,6,Mathematics,,,
achaian.rich,available,68,2%,7,Humanities,,,
scurvy.rich,available,68,3%,6,Humanities,,,
abducent.rich,available,68,0%,8,Medicine,,,
aberdonian.rich,available,68,1%,10,Geography,,,
achaean.rich,available,68,2%,7,Humanities,,,
threesome.rich,available,68,5%,9,Entertainment,,,
abkhas.rich,available,68,0%,6,Geography,,,
octonary.rich,available,68,1%,8,Mathematics,,,
teenager.rich,available,66,4%,8,"Education,Entertainment,Healthcare",,,
six.rich,available,66,26%,3,Mathematics,,,
maven.rich,available,66,30%,5,"Entertainment,Fashion,Technology",,,
five.rich,available,66,26%,4,Mathematics,,,
xxii.rich,available,66,6%,4,Mathematics,,,
deuce.rich,available,66,9%,5,Sports,,,
tenner.rich,available,66,5%,6,Finance,,,
acervate.rich,available,66,1%,8,Science,,,
xxvi.rich,available,66,3%,4,Mathematics,,,
onec.rich,available,66,6%,5,Mathematics,,,
adopted.rich,available,66,4%,7,"Education,Healthcare",,,
eighty.rich,available,66,6%,6,Mathematics,,,
xvi.rich,available,66,5%,3,Mathematics,,,
performing.rich,available,66,6%,10,Entertainment,,,
xvii.rich,available,66,5%,4,Mathematics,,,
accessary.rich,available,66,1%,9,"Business,Law,Technology",,,
according.rich,available,66,3%,9,"Business,Education,Technology",,,
thirty.rich,available,66,8%,6,Mathematics,,,
ninety.rich,available,66,11%,6,Mathematics,,,
xiii.rich,available,66,9%,4,Mathematics,,,
modish.rich,available,66,5%,6,Fashion,,,
four.rich,available,66,27%,4,Mathematics,,,
century.rich,available,66,17%,7,Education,,,
sextet.rich,available,66,1%,6,Entertainment,,,
adorned.rich,available,66,5%,7,"Entertainment,Fashion,Retail",,,
xxi.rich,available,66,10%,3,Mathematics,,,
abstinent.rich,available,66,1%,9,"Health and Fitness,Religion",,,
acrobatic.rich,available,66,4%,9,"Entertainment,Sports",,,
buzzing.rich,available,66,7%,7,"Entertainment,Media,Technology",,,
latest.rich,available,66,18%,6,Technology,,,
exonerated.rich,available,66,2%,10,"Humanities,Law,Politics",,,
xviii.rich,available,66,5%,5,Mathematics,,,
xxv.rich,available,66,6%,3,Mathematics,,,
fifty.rich,available,66,12%,5,Mathematics,,,
clv.rich,available,66,10%,3,Mathematics,,,
acappella.rich,available,66,6%,10,Entertainment,,,
xii.rich,available,66,10%,3,Mathematics,,,
rising.rich,available,64,18%,6,"Construction,Manufacturing,Real Estate",,,
aflame.rich,available,64,3%,6,Entertainment,,,
scatty.rich,available,64,1%,6,"Arts,Entertainment,Media",,,
nondrinker.rich,available,64,1%,10,"Health and Fitness,Religion",,,
deviant.rich,available,64,12%,7,"Medicine,Science",,,
ccc.rich,available,64,38%,3,Mathematics,,,
acentric.rich,available,64,2%,8,Science,,,
absolved.rich,available,64,1%,8,"Humanities,Law,Religion",,,
astringent.rich,available,64,1%,10,"Healthcare,Pharmaceuticals",,,
adagio.rich,available,64,14%,6,Entertainment,,,
accordant.rich,available,64,3%,9,"Arts,Entertainment",,,
playacting.rich,available,62,1%,10,Entertainment,,,
twodozen.rich,available,62,1%,9,Mathematics,,,
eighteenth.rich,available,62,1%,10,Mathematics,,,
chiliad.rich,available,62,2%,7,Mathematics,,,
nail.rich,available,62,16%,4,"Construction,Fashion,General,Retail",,,
activistic.rich,available,62,1%,10,"Humanities,Politics",,,
accusing.rich,available,62,1%,8,Law,,,
exculpated.rich,available,62,1%,10,"Humanities,Law,Politics",,,
admissible.rich,available,62,1%,10,"Education,Healthcare,Law",,,
abo.rich,available,62,15%,3,Science,,,
wrapped.rich,available,62,13%,7,"Fashion,Hospitality,Retail",,,
acidic.rich,available,62,5%,6,"Food and Beverage,Science",,,
aborigine.rich,available,62,1%,9,Humanities,,,
sixteenth.rich,available,62,1%,9,Mathematics,,,
fortyfour.rich,available,62,6%,10,Mathematics,,,
accrued.rich,available,62,2%,7,"Banking,Finance,Insurance",,,
adjuvant.rich,available,62,5%,8,"Healthcare,Manufacturing,Technology",,,
quartet.rich,available,62,7%,7,"Arts,Entertainment",,,
eleventh.rich,available,62,5%,8,Mathematics,,,
pungent.rich,available,62,1%,7,Food and Beverage,,,
cumulative.rich,available,62,2%,10,"Banking,Finance,Insurance",,,
roughly.rich,available,62,3%,7,"Business,Media,Technology",,,
troika.rich,available,62,8%,6,Politics,,,
activation.rich,available,62,16%,10,"Healthcare,Manufacturing,Technology",,,
adoptive.rich,available,62,1%,8,"Education,Healthcare",,,
ensuant.rich,available,62,1%,7,"Healthcare,Insurance,Transportation",,,
longdozen.rich,available,62,2%,10,Mathematics,,,
orso.rich,available,62,9%,5,"Business,Media,Technology",,,
aufait.rich,available,62,3%,7,"Fashion,Media",,,
thou.rich,available,60,7%,4,Mathematics,,,
abstainer.rich,available,60,0%,9,"Health and Fitness,Religion",,,
clxxv.rich,available,60,1%,5,Mathematics,,,
annexal.rich,available,60,1%,7,"Agriculture,Manufacturing,Retail",,,
acceptive.rich,available,60,1%,9,"Education,Healthcare",,,
tertiary.rich,available,60,4%,8,Education,,,
cautionary.rich,available,60,1%,10,"Business,Education,Healthcare",,,
cxv.rich,available,60,4%,3,Mathematics,,,
eightysix.rich,available,60,7%,10,Mathematics,,,
sixty.rich,available,60,13%,5,Mathematics,,,
clx.rich,available,60,10%,3,Mathematics,,,
clxv.rich,available,60,1%,4,Mathematics,,,
cxl.rich,available,60,7%,3,Mathematics,,,
cxxxv.rich,available,60,2%,5,Mathematics,,,
abashed.rich,available,60,1%,7,Humanities,,,
abstemious.rich,available,60,0%,10,"Food and Beverage,Health and Fitness,Hospitality",,,
paunchy.rich,available,60,0%,7,"Health and Fitness,Medicine",,,
cxxx.rich,available,60,4%,4,Mathematics,,,
xcl.rich,available,60,5%,3,Mathematics,,,
clxxx.rich,available,60,1%,5,Mathematics,,,
octet.rich,available,60,12%,5,Arts,,,
cxlv.rich,available,60,2%,4,Mathematics,,,
clxx.rich,available,60,3%,4,Mathematics,,,
adnexal.rich,available,60,1%,7,"Agriculture,Manufacturing,Retail",,,
idolized.rich,available,60,3%,8,"Entertainment,Fashion,Retail",,,
idolised.rich,available,60,1%,8,"Entertainment,Fashion,Retail",,,
cxxv.rich,available,60,1%,4,Mathematics,,,
aboveboard.rich,available,60,5%,10,"Business,Law",,,
cxx.rich,available,60,10%,3,Mathematics,,,
adnate.rich,available,60,1%,6,"Agriculture,Manufacturing,Retail",,,
tercet.rich,available,59,2%,6,"Arts,Entertainment,Media",,,
heptad.rich,available,58,1%,6,Mathematics,,,
octad.rich,available,58,5%,5,Mathematics,,,
sextuplet.rich,available,58,1%,9,Healthcare,,,
abuzz.rich,available,58,5%,5,"Entertainment,Media,Technology",,,
actuarial.rich,available,58,8%,9,"Finance,Insurance,Mathematics",,,
quintet.rich,available,58,8%,7,"Arts,Entertainment",,,
seventy.rich,available,58,7%,7,Mathematics,,,
linear.rich,available,58,22%,6,"Engineering,Mathematics,Science",,,
twelfth.rich,available,58,2%,7,Mathematics,,,
sixtyone.rich,available,58,3%,9,Mathematics,,,
fourscore.rich,available,58,4%,9,Mathematics,,,
cypher.rich,available,58,29%,6,Mathematics,,,
adjustive.rich,available,58,1%,9,"Manufacturing,Retail,Technology",,,
ache.rich,available,58,7%,4,Healthcare,,,
pentad.rich,available,58,2%,6,Mathematics,,,
accretive.rich,available,58,6%,9,"Banking,Finance,Insurance",,,
niner.rich,available,58,5%,5,Mathematics,,,
fourth.rich,available,58,13%,6,Mathematics,,,
sixer.rich,available,58,5%,5,Sports,,,
alacarte.rich,available,58,11%,10,Food and Beverage,,,
fifth.rich,available,58,12%,5,Mathematics,,,
abused.rich,available,58,5%,6,"Healthcare,Law",,,
accented.rich,available,58,3%,8,"Arts,Entertainment",,,
addible.rich,available,58,2%,7,"Engineering,Mathematics,Science",,,
enwrapped.rich,available,58,0%,9,"Entertainment,Fashion,Media",,,
lxxx.rich,available,58,2%,4,Mathematics,,,
closeto.rich,available,58,3%,8,"Business,Media,Technology",,,
eighter.rich,available,58,2%,7,Mathematics,,,
acyclic.rich,available,58,4%,7,"Engineering,Mathematics,Science",,,
seven.rich,available,58,36%,5,Mathematics,,,
centesimal.rich,available,58,1%,10,Mathematics,,,
offhanded.rich,available,58,1%,9,Entertainment,,,
adhoc.rich,available,58,24%,6,"Business,Engineering,Technology",,,
hexad.rich,available,58,4%,5,Mathematics,,,
abridged.rich,available,58,4%,8,Media,,,
aucourant.rich,available,58,3%,10,"Fashion,Media",,,
adient.rich,available,58,4%,6,"Medicine,Science",,,
accoutred.rich,available,58,1%,9,"Fashion,Manufacturing,Retail",,,
abandoned.rich,available,58,10%,9,"Construction,Real Estate",,,
acetic.rich,available,58,1%,6,"Food and Beverage,Science",,,
tetrad.rich,available,58,5%,6,Mathematics,,,
lxxviii.rich,available,58,1%,7,Mathematics,,,
addressed.rich,available,58,3%,9,"Business,Technology,Telecommunications",,,
justabout.rich,available,58,3%,10,"Business,Media,Technology",,,
fortysix.rich,available,56,3%,9,Mathematics,,,
xlviii.rich,available,56,1%,6,Mathematics,,,
triad.rich,available,56,15%,5,Arts,,,
fiftyfour.rich,available,56,3%,10,Mathematics,,,
fiftytwo.rich,available,56,6%,9,Mathematics,,,
xxxv.rich,available,56,4%,4,Mathematics,,,
fortynine.rich,available,56,3%,10,Mathematics,,,
admissive.rich,available,56,1%,9,"Education,Healthcare,Hospitality",,,
abdominous.rich,available,56,0%,10,"Health and Fitness,Medicine",,,
terzetto.rich,available,56,3%,8,Arts,,,
xxxi.rich,available,56,9%,4,Mathematics,,,
potbellied.rich,available,56,0%,10,"Health and Fitness,Medicine",,,
xliv.rich,available,56,2%,4,Mathematics,,,
fortyone.rich,available,56,4%,9,Mathematics,,,
admittable.rich,available,56,1%,10,"Education,Healthcare,Hospitality",,,
xlii.rich,available,56,5%,4,Mathematics,,,
thirtyone.rich,available,56,5%,10,Mathematics,,,
xli.rich,available,56,5%,3,Mathematics,,,
xxxii.rich,available,56,1%,5,Mathematics,,,
xxxvii.rich,available,56,2%,6,Mathematics,,,
lvi.rich,available,56,8%,3,Mathematics,,,
lii.rich,available,56,7%,3,Mathematics,,,
xxvii.rich,available,56,3%,5,Mathematics,,,
maledict.rich,available,56,1%,8,Religion,,,
xxiv.rich,available,56,5%,4,Mathematics,,,
xxiii.rich,available,56,5%,5,Mathematics,,,
xxxviii.rich,available,56,1%,7,Mathematics,,,
fiftyone.rich,available,56,7%,9,Mathematics,,,
appressed.rich,available,56,0%,9,"Agriculture,Manufacturing,Retail",,,
admittible.rich,available,56,1%,10,"Education,Healthcare,Hospitality",,,
fiftysix.rich,available,56,4%,9,Mathematics,,,
xlv.rich,available,56,6%,3,Mathematics,,,
thirtysix.rich,available,56,5%,10,Mathematics,,,
xliii.rich,available,56,1%,5,Mathematics,,,
thirtytwo.rich,available,56,5%,10,Mathematics,,,
lviii.rich,available,56,1%,5,Mathematics,,,
xlvii.rich,available,56,2%,5,Mathematics,,,
ilx.rich,available,56,5%,3,Mathematics,,,
addled.rich,available,56,2%,6,Entertainment,,,
halfdozen.rich,available,56,1%,10,Mathematics,,,
xlvi.rich,available,56,3%,4,Mathematics,,,
fiftyfive.rich,available,56,7%,10,Mathematics,,,
xxxiii.rich,available,56,2%,6,Mathematics,,,
accoutered.rich,available,56,0%,10,"Fashion,Manufacturing,Retail",,,
lvii.rich,available,56,1%,4,Mathematics,,,
liii.rich,available,56,4%,4,Mathematics,,,
xxxvi.rich,available,56,1%,5,Mathematics,,,
xxxiv.rich,available,56,1%,5,Mathematics,,,
xxix.rich,available,56,4%,4,Mathematics,,,
xxviii.rich,available,56,1%,6,Mathematics,,,
fiftynine.rich,available,56,4%,10,Mathematics,,,
aone.rich,available,56,15%,5,Food and Beverage,,,
fortytwo.rich,available,56,17%,9,Mathematics,,,
abeyant.rich,available,56,1%,7,"Business,Law",,,
viii.rich,available,54,6%,4,Mathematics,,,
aboral.rich,available,54,2%,6,Science,,,
accursed.rich,available,54,3%,8,"Entertainment,Media,Religion",,,
twoscore.rich,available,54,2%,8,Mathematics,,,
deserted.rich,available,54,3%,8,"Hospitality,Real Estate",,,
abhorrent.rich,available,54,1%,9,Humanities,,,
fin.rich,available,54,30%,3,Finance,,,
abatic.rich,available,54,1%,6,Science,,,
topnotch.rich,available,54,18%,8,Business,,,
abatable.rich,available,54,1%,8,Law,,,
accentual.rich,available,54,3%,9,"Arts,Entertainment",,,
admonitory.rich,available,54,0%,10,"Business,Education,Healthcare",,,
scratchy.rich,available,54,3%,8,Fashion,,,
abducens.rich,available,54,1%,8,Medicine,,,
adductive.rich,available,54,0%,9,"Engineering,Mathematics,Science",,,
deuceace.rich,available,54,2%,9,Sports,,,
abasic.rich,available,54,1%,6,Science,,,
unnatural.rich,available,54,4%,9,"Medicine,Science",,,
actuated.rich,available,54,2%,8,"Automotive,Manufacturing,Technology",,,
quaternity.rich,available,54,4%,10,Mathematics,,,
acoustical.rich,available,54,4%,10,Science,,,
adaxial.rich,available,54,2%,7,Science,,,
adducting.rich,available,54,1%,9,"Engineering,Mathematics,Science",,,
adpressed.rich,available,54,0%,9,"Agriculture,Manufacturing,Retail",,,
threescore.rich,available,54,1%,10,Mathematics,,,
achy.rich,available,54,3%,4,Healthcare,,,
ternion.rich,available,54,3%,7,Mathematics,,,
achromatic.rich,available,54,4%,10,Science,,,
abient.rich,available,54,1%,6,Science,,,
abaxial.rich,available,54,1%,7,Science,,,
adducent.rich,available,54,1%,8,"Engineering,Mathematics,Science",,,
iii.rich,available,54,24%,3,Mathematics,,,
fortyfive.rich,available,54,4%,10,Mathematics,,,
quadruplet.rich,available,54,1%,10,"Healthcare,Medicine,Science",,,
quaternion.rich,available,54,6%,10,Mathematics,,,
vii.rich,available,54,13%,3,Mathematics,,,
sise.rich,available,54,5%,4,Mathematics,,,
monitory.rich,available,54,3%,8,"Business,Education,Healthcare",,,
quintuplet.rich,available,54,1%,10,"Healthcare,Medicine,Science",,,
adjuratory.rich,available,54,0%,10,"Law,Politics,Religion",,,
quatern.rich,available,54,2%,7,Mathematics,,,
xxx.rich,available,53,30%,3,"Arts,Entertainment,Media",,,
sestet.rich,available,53,1%,6,Arts,,,
septet.rich,available,53,1%,6,General,,,
ninetytwo.rich,available,52,4%,10,Mathematics,,,
lxxvi.rich,available,52,1%,5,Mathematics,,,
lxii.rich,available,52,1%,4,Mathematics,,,
lxxxii.rich,available,52,1%,6,Mathematics,,,
sixtytwo.rich,available,52,3%,9,Mathematics,,,
lxxxiii.rich,available,52,1%,7,Mathematics,,,
decumbent.rich,available,52,1%,9,"Healthcare,Medicine,Science",,,
ninetyone.rich,available,52,5%,10,Mathematics,,,
eightyone.rich,available,52,3%,10,Mathematics,,,
abusive.rich,available,52,3%,7,"Healthcare,Law",,,
repugnant.rich,available,52,1%,9,Humanities,,,
detestable.rich,available,52,1%,10,Humanities,,,
lxvii.rich,available,52,1%,5,Mathematics,,,
lxxiii.rich,available,52,1%,6,Mathematics,,,
lxxii.rich,available,52,1%,5,Mathematics,,,
xcv.rich,available,52,7%,3,Mathematics,,,
lxiv.rich,available,52,3%,4,Mathematics,,,
lxviii.rich,available,52,1%,6,Mathematics,,,
lxxxi.rich,available,52,1%,5,Mathematics,,,
tierce.rich,available,52,3%,6,General,,,
eightytwo.rich,available,52,4%,10,Mathematics,,,
xcviii.rich,available,52,1%,6,Mathematics,,,
ninetysix.rich,available,52,4%,10,Mathematics,,,
xciv.rich,available,52,2%,4,Mathematics,,,
ixc.rich,available,52,5%,3,Mathematics,,,
sixtyfive.rich,available,52,3%,10,Mathematics,,,
abominable.rich,available,52,2%,10,"Entertainment,Humanities",,,
lxxxvii.rich,available,52,1%,7,Mathematics,,,
abysmal.rich,available,52,4%,7,"Arts,Entertainment,Media",,,
ablated.rich,available,52,1%,7,Science,,,
lxxiv.rich,available,52,1%,5,Mathematics,,,
uphill.rich,available,52,7%,6,"Sports,Transportation,Travel",,,
xci.rich,available,52,4%,3,Mathematics,,,
abstruse.rich,available,52,5%,8,"Humanities,Mathematics,Science",,,
lxiii.rich,available,52,2%,5,Mathematics,,,
lxxxiv.rich,available,52,1%,6,Mathematics,,,
ixl.rich,available,52,9%,3,Mathematics,,,
xcii.rich,available,52,2%,4,Mathematics,,,
lxxxv.rich,available,52,1%,5,Mathematics,,,
lxxxvi.rich,available,52,1%,6,Mathematics,,,
xcvii.rich,available,52,1%,5,Mathematics,,,
sixtyfour.rich,available,52,3%,10,Mathematics,,,
lxxv.rich,available,52,1%,4,Mathematics,,,
lxxvii.rich,available,52,2%,6,Mathematics,,,
littlejoe.rich,available,52,2%,10,"Entertainment,Media",,,
aboulic.rich,available,52,1%,7,Medicine,,,
lxi.rich,available,52,5%,3,Mathematics,,,
lxxi.rich,available,52,1%,4,Mathematics,,,
chagrined.rich,available,52,1%,9,Humanities,,,
adenoidal.rich,available,52,1%,9,"Health and Fitness,Medicine,Science",,,
lxv.rich,available,52,5%,3,Mathematics,,,
xciii.rich,available,52,1%,5,Mathematics,,,
repulsive.rich,available,52,1%,9,Humanities,,,
xcvi.rich,available,52,2%,4,Mathematics,,,
odious.rich,available,52,2%,6,"Entertainment,Humanities",,,
sixtysix.rich,available,52,4%,9,Mathematics,,,
lxvi.rich,available,52,3%,4,Mathematics,,,
quint.rich,available,50,13%,5,"Arts,Entertainment",,,
aborticide.rich,available,50,0%,10,Medicine,,,
acerose.rich,available,50,1%,7,Science,,,
abactinal.rich,available,50,0%,9,Science,,,
gillless.rich,available,50,0%,9,Science,,,
adactylous.rich,available,50,0%,10,Science,,,
broached.rich,available,50,0%,8,Food and Beverage,,,
aculeated.rich,available,50,0%,9,"Engineering,Medicine,Science",,,
adhominem.rich,available,50,2%,10,"Humanities,Law,Politics",,,
triplet.rich,available,50,8%,7,Science,,,
abomasal.rich,available,50,0%,8,Agriculture,,,
cinque.rich,available,50,7%,6,Mathematics,,,
scummy.rich,available,50,1%,6,Humanities,,,
abranchial.rich,available,50,0%,10,Science,,,
acetose.rich,available,50,1%,7,Science,,,
acapnic.rich,available,50,0%,7,"Healthcare,Medicine,Science",,,
abdicable.rich,available,50,0%,9,Law,,,
acerb.rich,available,50,2%,5,Science,,,
acaudal.rich,available,50,1%,7,"Agriculture,Science",,,
acquitted.rich,available,50,1%,9,Law,,,
spinous.rich,available,50,1%,7,"Agriculture,Science",,,
acerbic.rich,available,50,2%,7,"Arts,Humanities,Media",,,
needlelike.rich,available,50,0%,10,"Engineering,Medicine,Science",,,
abbatial.rich,available,50,0%,8,Religion,,,
acapnotic.rich,available,50,0%,9,"Healthcare,Medicine,Science",,,
vinegary.rich,available,50,1%,8,Food and Beverage,,,
lxx.rich,available,50,5%,3,Mathematics,,,
ogdoad.rich,available,50,1%,6,Mathematics,,,
acellular.rich,available,50,1%,9,Science,,,
abducting.rich,available,50,0%,9,Medicine,,,
acetous.rich,available,50,1%,7,Science,,,
trine.rich,available,50,11%,5,"General,Religion",,,
abyssal.rich,available,48,12%,7,"Arts,Entertainment,Media",,,
apriori.rich,available,48,13%,8,Mathematics,,,
notguilty.rich,available,48,5%,10,Law,,,
abstracted.rich,available,48,5%,10,"Arts,Humanities,Science",,,
execrable.rich,available,48,0%,9,"Entertainment,Humanities",,,
lxxxviii.rich,available,48,1%,8,Mathematics,,,
ilxxx.rich,available,48,1%,5,Mathematics,,,
ilxx.rich,available,48,1%,4,Mathematics,,,
stemless.rich,available,46,2%,8,"Agriculture,Science",,,
acarpelous.rich,available,46,0%,10,"Agriculture,Science",,,
acetonic.rich,available,46,1%,8,Science,,,
acephalous.rich,available,46,1%,10,Science,,,
acheronian.rich,available,46,1%,10,Humanities,,,
quaternary.rich,available,46,3%,10,Mathematics,,,
acanthoid.rich,available,46,1%,9,"Agriculture,Science",,,
acetylenic.rich,available,46,1%,10,Science,,,
acanthotic.rich,available,46,0%,10,"Agriculture,Science",,,
stripling.rich,available,46,2%,9,"Education,Entertainment,Healthcare",,,
acetabular.rich,available,46,1%,10,Science,,,
acarpous.rich,available,46,0%,8,"Agriculture,Science",,,
acaudate.rich,available,46,1%,8,"Agriculture,Science",,,
cotyloid.rich,available,46,1%,8,Science,,,
achromic.rich,available,46,2%,8,Science,,,
acicular.rich,available,46,2%,8,Science,,,
vinegarish.rich,available,46,1%,10,Food and Beverage,,,
acanthous.rich,available,46,0%,9,"Agriculture,Science",,,
achenial.rich,available,46,1%,8,Science,,,
acapnial.rich,available,46,0%,8,"Healthcare,Medicine,Science",,,
achromous.rich,available,46,1%,9,Science,,,
theabsurd.rich,available,46,1%,10,"Arts,Entertainment,Media",,,
acetylic.rich,available,46,1%,8,Science,,,
accusatory.rich,available,44,1%,10,Law,,,
acherontic.rich,available,44,1%,10,Humanities,,,
cotyloidal.rich,available,44,1%,10,Science,,,
phoebe.rich,available,41,14%,6,Science,,,
abscessed.rich,available,41,0%,9,Healthcare,,,
scurrilous.rich,available,40,1%,10,"Entertainment,Media,Politics",,,
accurst.rich,available,40,1%,7,Religion,,,
accusive.rich,available,40,1%,8,Law,,,